nivel,lat,lng
PRIMARIA,19.362292,-98.99543
PRIMARIA,19.397174,-99.067538
PRIMARIA,19.314399,-99.074271
SECUNDARIA,19.287937,-99.135498
PREESCOLAR,19.50999,-99.12658
PREESCOLAR,19.384658,-99.170772
PREESCOLAR,19.455154,-99.19085
PREESCOLAR,19.394777,-99.16058
PRIMARIA,19.3959,-99.0976
PRIMARIA,19.310871,-99.104396
PRIMARIA,19.3908,-99.1954
PREESCOLAR,19.48551,-99.19302
PREESCOLAR,19.3908,-99.1954
PRIMARIA,19.428615,-99.119629
PRIMARIA,19.438608,-99.085695
PRIMARIA,19.431581,-99.214034
PRIMARIA,19.368449,-99.012973
PRIMARIA,19.295213,-99.057319
INICIAL,19.4829,-99.1135
PRIMARIA,19.376594,-99.173984
PRIMARIA,19.369344,-99.072638
PRIMARIA,19.525975,-99.172438
INICIAL,19.467105,-99.179229
PRIMARIA,19.343409,-99.108052
SECUNDARIA,19.346126,-99.038725
PRIMARIA,19.403711,-99.190563
SECUNDARIA,19.380039,-99.130457
PRIMARIA,19.497819,-99.079355
PREESCOLAR,19.459468,-99.130641
PRIMARIA,19.339551,-99.13954
PRIMARIA,19.353124,-99.290014
PREESCOLAR,19.304347,-99.144895
PREESCOLAR,19.472192,-99.109145
PREESCOLAR,19.339342,-99.069958
PREESCOLAR,19.214498,-98.992727
PREESCOLAR,19.381298,-99.22001
PRIMARIA,19.507804,-99.189692
INICIAL,19.3908,-99.1954
PREESCOLAR,19.30137,-99.121109
PRIMARIA,19.369308,-99.130032
PRIMARIA,19.218341,-99.205892
INICIAL,19.35128,-99.047184
PRIMARIA,19.45665,-99.138374
PRIMARIA,19.330908,-98.966461
PRIMARIA,19.406335,-99.06954
SECUNDARIA,19.335293,-99.252072
PRIMARIA,19.329689,-99.020025
SECUNDARIA,19.452933,-99.178336
PRIMARIA,19.3446,-99.109344
PRIMARIA,19.2896,-99.12811
SECUNDARIA,19.451967,-99.128518
SECUNDARIA,19.359,-99.0926
SECUNDARIA,19.481563,-99.206139
PRIMARIA,19.395161,-99.125201
SECUNDARIA,19.310192,-99.264996
PRIMARIA,19.339617,-99.152033
SECUNDARIA,19.345553,-99.06017
PRIMARIA,19.391705,-99.117258
PRIMARIA,19.40738,-99.195245
SECUNDARIA,19.434695,-99.096033
PRIMARIA,19.343416,-99.226739
INICIAL,19.432698,-99.180889
PRIMARIA,19.347787,-98.993008
SECUNDARIA,19.246846,-99.01022
PRIMARIA,19.206538,-99.070625
PRIMARIA,19.254898,-99.011799
PRIMARIA,19.448347,-99.201903
PRIMARIA,19.326346,-99.039619
PRIMARIA,19.34072,-99.098357
SECUNDARIA,19.292484,-99.070003
PREESCOLAR,19.362064,-99.152117
PRIMARIA,19.339716,-99.188356
SECUNDARIA,19.314311,-99.115578
PRIMARIA,19.483457,-99.200543
PREESCOLAR,19.312304,-99.169169
PRIMARIA,19.383372,-99.113671
SECUNDARIA,19.2883,-99.1671
PRIMARIA,19.394655,-99.097146
PRIMARIA,19.394619,-99.183917
PRIMARIA,19.48119,-99.184348
PRIMARIA,19.255209,-99.012994
PRIMARIA,19.393047,-99.147867
PRIMARIA,19.419959,-99.135797
PREESCOLAR,19.53785,-99.142147
PREESCOLAR,19.548535,-99.142502
PREESCOLAR,19.385686,-99.094703
PRIMARIA,19.342448,-99.145691
SECUNDARIA,19.271777,-99.235685
PRIMARIA,19.344542,-99.172798
PRIMARIA,19.306468,-99.233207
PRIMARIA,19.175582,-98.996661
PRIMARIA,19.289547,-99.005872
PRIMARIA,19.40838,-99.067089
PRIMARIA,19.455402,-99.092881
PRIMARIA,19.394156,-99.105548
PRIMARIA,19.3908,-99.1954
INICIAL,19.338901,-99.098036
PRIMARIA,19.345892,-99.172428
SECUNDARIA,19.384277,-99.044009
PRIMARIA,19.386509,-99.096613
PRIMARIA,19.365554,-99.236095
PRIMARIA,19.328453,-98.96977
PRIMARIA,19.438438,-99.125243
INICIAL,19.50999,-99.12658
PRIMARIA,19.39133,-99.201392
PREESCOLAR,19.460353,-99.110261
PREESCOLAR,19.325264,-99.223244
PREESCOLAR,19.358091,-99.234315
PREESCOLAR,19.19321,-99.112571
PREESCOLAR,19.448083,-99.167068
INICIAL,19.435543,-99.156564
SECUNDARIA,19.292484,-99.070003
PRIMARIA,19.4829,-99.1135
SECUNDARIA,19.420861,-99.133461
SECUNDARIA,19.434263,-99.090116
PRIMARIA,19.446123,-99.114155
PREESCOLAR,19.262822,-99.169299
SECUNDARIA,19.367837,-98.998312
PREESCOLAR,19.439445,-99.110512
PREESCOLAR,19.363725,-99.125914
PRIMARIA,19.519364,-99.133714
PREESCOLAR,19.386055,-99.20131
PRIMARIA,19.447087,-99.15435
PREESCOLAR,19.378856,-99.220861
PREESCOLAR,19.292557,-99.165546
SECUNDARIA,19.420913,-99.159037
PREESCOLAR,19.36901,-99.119318
PRIMARIA,19.33387,-99.246381
PREESCOLAR,19.423885,-99.204442
PRIMARIA,19.444146,-99.157772
PRIMARIA,19.19097,-99.02541
SECUNDARIA,19.398476,-99.257655
PREESCOLAR,19.431631,-99.166987
PREESCOLAR,19.441641,-99.141483
SECUNDARIA,19.259601,-99.126912
PRIMARIA,19.2883,-99.1671
PRIMARIA,19.457987,-99.205786
PRIMARIA,19.386679,-99.052502
PREESCOLAR,19.395088,-99.174516
PREESCOLAR,19.41588,-99.22056
PREESCOLAR,19.291475,-99.230377
INICIAL,19.361095,-99.154826
PREESCOLAR,19.353502,-99.017347
PREESCOLAR,19.423107,-99.139047
SECUNDARIA,19.53717,-99.142057
PRIMARIA,19.452296,-99.181774
PRIMARIA,19.4829,-99.1135
PRIMARIA,19.299827,-99.054655
PRIMARIA,19.328315,-99.222884
SECUNDARIA,19.333463,-99.129274
PRIMARIA,19.265892,-99.167815
PRIMARIA,19.332774,-99.095307
PRIMARIA,19.368314,-99.142379
PRIMARIA,19.447643,-99.175959
SECUNDARIA,19.386199,-99.097835
SECUNDARIA,19.345655,-99.107095
PRIMARIA,19.491353,-99.10398
PRIMARIA,19.371081,-99.201808
SECUNDARIA,19.336077,-99.078156
PRIMARIA,19.485934,-99.098418
SECUNDARIA,19.4416,-99.1519
SECUNDARIA,19.559942,-99.135921
SECUNDARIA,19.474931,-99.178895
SECUNDARIA,19.241516,-98.993354
PREESCOLAR,19.423114,-99.206432
PRIMARIA,19.363167,-99.087925
SECUNDARIA,19.475253,-99.113821
PRIMARIA,19.498439,-99.093053
PRIMARIA,19.456519,-99.23182
PRIMARIA,19.325086,-99.146304
INICIAL,19.2706,-99.0048
PRIMARIA,19.345657,-99.038062
PRIMARIA,19.533242,-99.139021
PRIMARIA,19.359,-99.0926
PRIMARIA,19.282929,-99.040047
PRIMARIA,19.360881,-99.075891
PRIMARIA,19.305277,-99.167311
PRIMARIA,19.444779,-99.100525
PRIMARIA,19.419489,-99.217928
PRIMARIA,19.332599,-99.121871
PRIMARIA,19.419476,-99.103107
PRIMARIA,19.332021,-99.109064
PREESCOLAR,19.425434,-99.117421
PRIMARIA,19.397866,-99.135171
PRIMARIA,19.453754,-99.101327
SECUNDARIA,19.260593,-99.172535
PRIMARIA,19.377737,-99.015986
PREESCOLAR,19.306609,-99.18534
SECUNDARIA,19.474921,-99.186601
PREESCOLAR,19.307014,-99.052965
INICIAL,19.368554,-99.293401
PRIMARIA,19.407862,-99.187014
PRIMARIA,19.389132,-99.126804
PRIMARIA,19.304699,-99.040809
INICIAL,19.4436,-99.159261
INICIAL,19.404685,-99.202202
PRIMARIA,19.420459,-99.148903
SECUNDARIA,19.4073,-99.1908
PRIMARIA,19.395348,-99.05897
INICIAL,19.387541,-99.047056
PRIMARIA,19.381895,-99.061618
PRIMARIA,19.395956,-99.069777
PRIMARIA,19.325191,-99.049629
SECUNDARIA,19.310192,-99.264996
PRIMARIA,19.396057,-99.151286
PRIMARIA,19.3574,-99.2998
PRIMARIA,19.409879,-99.159834
SECUNDARIA,19.335096,-99.041135
PRIMARIA,19.479207,-99.104075
PRIMARIA,19.475712,-99.128061
INICIAL,19.4829,-99.1135
PREESCOLAR,19.50999,-99.12658
PRIMARIA,19.416298,-99.114056
INICIAL,19.3502,-99.1621
PRIMARIA,19.366376,-99.024687
SECUNDARIA,19.316508,-99.134706
SECUNDARIA,19.441802,-99.192809
SECUNDARIA,19.338156,-99.222235
PREESCOLAR,19.363275,-99.153159
SECUNDARIA,19.45598,-99.060463
PRIMARIA,19.442237,-99.087638
INICIAL,19.442422,-99.160301
PRIMARIA,19.356013,-99.02473
SECUNDARIA,19.367489,-99.150211
SECUNDARIA,19.344806,-99.132196
PRIMARIA,19.246148,-99.091622
INICIAL,19.421264999999998,-99.071711
SECUNDARIA,19.367602,-99.028087
SECUNDARIA,19.458571,-99.065292
INICIAL,19.352123,-99.201126
SECUNDARIA,19.332934,-99.157685
PRIMARIA,19.348406,-98.994633
PRIMARIA,19.317772,-99.134966
SECUNDARIA,19.330428,-99.136448
SECUNDARIA,19.4841,-99.1844
SECUNDARIA,19.29305,-99.060529
PRIMARIA,19.476003,-99.196763
PRIMARIA,19.521196,-99.153186
PRIMARIA,19.392921,-99.182808
INICIAL,19.2635,-99.1049
PREESCOLAR,19.383507,-99.027139
PRIMARIA,19.437473,-99.129219
SECUNDARIA,19.338645,-99.126196
PRIMARIA,19.36386,-99.07058
SECUNDARIA,19.464252,-99.079367
PREESCOLAR,19.372362,-99.170648
PRIMARIA,19.372622,-99.105056
PRIMARIA,19.39684,-99.15011
PRIMARIA,19.405698,-99.187211
SECUNDARIA,19.344612,-99.152048
PRIMARIA,19.313324,-99.256199
PRIMARIA,19.390917,-99.08807
INICIAL,19.372,-99.1579
PRIMARIA,19.315055,-99.163253
PRIMARIA,19.476668,-99.130241
SECUNDARIA,19.36339,-99.06875
PRIMARIA,19.292142,-99.046271
SECUNDARIA,19.38163,-99.2677
PRIMARIA,19.456245,-99.054801
SECUNDARIA,19.392573,-99.117325
PRIMARIA,19.525067,-99.171713
PREESCOLAR,19.414833,-99.128555
INICIAL,19.364514,-99.140448
PRIMARIA,19.328344,-99.044782
PRIMARIA,19.316961,-99.071827
PRIMARIA,19.4416,-99.1519
PRIMARIA,19.353306,-99.295899
PRIMARIA,19.447191,-99.057829
SECUNDARIA,19.381825,-99.218042
PRIMARIA,19.489492,-99.17902
PRIMARIA,19.305853,-99.233819
SECUNDARIA,19.4073,-99.1908
PREESCOLAR,19.330817,-99.14869
PRIMARIA,19.457434,-99.184319
PRIMARIA,19.415265,-99.172724
PRIMARIA,19.415974,-99.158396
PREESCOLAR,19.269711,-99.003101
PRIMARIA,19.454367,-99.200103
SECUNDARIA,19.351935,-99.300758
PRIMARIA,19.359378,-99.11947
PREESCOLAR,19.40247,-99.117362
PRIMARIA,19.195092,-99.026724
PREESCOLAR,19.4416,-99.1519
PREESCOLAR,19.421212,-99.213041
INICIAL,19.408602,-99.166336
INICIAL,19.365411,-99.159275
PREESCOLAR,19.488879,-99.136425
PREESCOLAR,19.486349,-99.104808
PREESCOLAR,19.387177,-99.087438
PRIMARIA,19.291422,-99.218292
PREESCOLAR,19.436673,-99.192106
PREESCOLAR,19.4073,-99.1908
PRIMARIA,19.480456,-99.208046
PRIMARIA,19.368638,-99.035656
PRIMARIA,19.3908,-99.1954
PRIMARIA,19.432,-99.127091
PRIMARIA,19.352981,-99.304234
PREESCOLAR,19.483606,-99.214041
PREESCOLAR,19.329607,-99.119894
PREESCOLAR,19.374939,-99.102713
PRIMARIA,19.346186,-99.200009
PREESCOLAR,19.50999,-99.12658
PRIMARIA,19.419299,-99.224545
PREESCOLAR,19.42136,-99.219646
PRIMARIA,19.225956,-98.951621
PREESCOLAR,19.385852,-99.189567
PREESCOLAR,19.389313,-99.187423
PRIMARIA,19.409278,-99.158167
SECUNDARIA,19.313072,-99.207883
PRIMARIA,19.347787,-98.993008
PREESCOLAR,19.464745,-99.184197
PREESCOLAR,19.398679,-99.206305
PREESCOLAR,19.367628,-99.205094
PREESCOLAR,19.256773,-99.009848
PRIMARIA,19.259587,-99.00819
PREESCOLAR,19.339123,-99.280791
PREESCOLAR,19.4829,-99.1135
PREESCOLAR,19.253965,-99.129828
SECUNDARIA,19.49672,-99.078091
PRIMARIA,19.315347,-99.07936
PREESCOLAR,19.204253,-99.102095
PRIMARIA,19.334002,-99.050055
PREESCOLAR,19.419491,-99.148948
PREESCOLAR,19.412057,-99.0782
PREESCOLAR,19.467316,-99.096936
PRIMARIA,19.475253,-99.113821
PRIMARIA,19.373391,-99.037431
PRIMARIA,19.50023,-99.151435
PRIMARIA,19.380651,-99.183503
PREESCOLAR,19.350789,-99.15451
PREESCOLAR,19.306019,-99.113548
PREESCOLAR,19.355516,-99.123814
PREESCOLAR,19.4841,-99.1844
PREESCOLAR,19.475445,-99.204211
PREESCOLAR,19.477607,-99.190809
PRIMARIA,19.413466,-99.145222
PRIMARIA,19.391612,-99.208378
SECUNDARIA,19.344298,-99.135679
PRIMARIA,19.330913,-99.120457
PRIMARIA,19.561263,-99.140495
PRIMARIA,19.324249,-99.123651
PRIMARIA,19.323208,-99.077664
SECUNDARIA,19.399015,-99.166698
PRIMARIA,19.292451,-99.003911
PRIMARIA,19.44297,-99.190886
PREESCOLAR,19.500993,-99.182705
PRIMARIA,19.502436,-99.092337
PRIMARIA,19.447932,-99.092221
SECUNDARIA,19.297727,-99.111753
INICIAL,19.346212,-99.151411
PRIMARIA,19.422242,-99.217106
PRIMARIA,19.361576,-99.245553
SECUNDARIA,19.415717,-99.107067
SECUNDARIA,19.295612,-99.149346
PRIMARIA,19.255762,-99.126996
SECUNDARIA,19.32404,-99.063421
PRIMARIA,19.359,-99.0926
SECUNDARIA,19.366233,-99.227111
PRIMARIA,19.37492,-99.185686
PRIMARIA,19.346353,-99.042789
SECUNDARIA,19.38913,-99.166847
PRIMARIA,19.274832,-99.222528
PREESCOLAR,19.384063,-99.149411
SECUNDARIA,19.282827,-99.056238
PRIMARIA,19.345212,-99.012774
SECUNDARIA,19.370077,-99.007013
SECUNDARIA,19.479591,-99.158186
SECUNDARIA,19.293354,-99.117517
PRIMARIA,19.500742,-99.08599
PRIMARIA,19.349974,-99.065755
PRIMARIA,19.201215,-99.049381
PRIMARIA,19.431628,-99.097989
SECUNDARIA,19.396751,-99.150005
PRIMARIA,19.4416,-99.1519
SECUNDARIA,19.439437,-99.157165
PRIMARIA,19.454366,-99.192384
PRIMARIA,19.463039,-99.108918
PRIMARIA,19.438135,-99.121918
PRIMARIA,19.186927,-99.073544
PRIMARIA,19.336231,-99.084893
SECUNDARIA,19.466823,-99.063151
PRIMARIA,19.388331,-99.208032
PRIMARIA,19.52368,-99.138451
PRIMARIA,19.358704,-99.182359
SECUNDARIA,19.4416,-99.1519
PRIMARIA,19.388413,-99.155368
SECUNDARIA,19.342343,-99.005968
PRIMARIA,19.353258,-99.297869
SECUNDARIA,19.501357,-99.117159
PRIMARIA,19.313804,-99.134292
PRIMARIA,19.29626,-99.04753
PRIMARIA,19.434091,-99.098529
PREESCOLAR,19.439858,-99.175787
PRIMARIA,19.327035,-99.079597
PRIMARIA,19.37063,-99.027324
PREESCOLAR,19.412091,-99.091356
PRIMARIA,19.371242,-99.219663
SECUNDARIA,19.18338,-99.027157
SECUNDARIA,19.50415,-99.087521
PRIMARIA,19.254898,-99.011799
SECUNDARIA,19.390119,-99.063077
PRIMARIA,19.497383,-99.076692
PRIMARIA,19.491752,-99.149537
PRIMARIA,19.474603,-99.176765
PRIMARIA,19.460747,-99.063431
PRIMARIA,19.318069,-99.161763
PRIMARIA,19.27472,-99.171679
PREESCOLAR,19.400578,-99.131675
PRIMARIA,19.335674,-99.147982
PRIMARIA,19.43932,-99.132609
PRIMARIA,19.297387,-99.245204
PRIMARIA,19.294573,-99.103981
PRIMARIA,19.213712,-99.189961
SECUNDARIA,19.439114,-99.136727
PREESCOLAR,19.433346,-99.159832
SECUNDARIA,19.317039,-99.239419
SECUNDARIA,19.293725,-98.995901
SECUNDARIA,19.528325,-99.165819
PRIMARIA,19.350038,-98.997372
SECUNDARIA,19.297067,-99.129404
PRIMARIA,19.499085,-99.114144
PRIMARIA,19.3908,-99.1954
SECUNDARIA,19.325209,-99.167959
SECUNDARIA,19.484445,-99.200129
SECUNDARIA,19.294309,-99.24157
PREESCOLAR,19.391192,-99.196211
PRIMARIA,19.297387,-99.245204
SECUNDARIA,19.362719,-99.016975
SECUNDARIA,19.389827,-99.082145
PRIMARIA,19.288502,-99.218801
PRIMARIA,19.349633999999998,-99.082475
PRIMARIA,19.537753,-99.14187
PRIMARIA,19.356037,-99.166496
SECUNDARIA,19.360744,-99.14122
INICIAL,19.29731,-99.054472
PRIMARIA,19.390335,-99.138881
SECUNDARIA,19.428615,-99.119629
PRIMARIA,19.284581,-99.225892
PRIMARIA,19.2883,-99.1671
SECUNDARIA,19.355533,-99.034722
INICIAL,19.394777,-99.16058
PRIMARIA,19.352391,-99.096443
SECUNDARIA,19.496761,-99.12857
INICIAL,19.4416,-99.1519
PRIMARIA,19.342885,-99.10574
INICIAL,19.423107,-99.139047
PRIMARIA,19.392391,-99.18434
PRIMARIA,19.271825,-99.177294
PREESCOLAR,19.357652,-99.243722
PREESCOLAR,19.487728,-99.106452
PREESCOLAR,19.3944,-99.1037
PREESCOLAR,19.51822,-99.159524
PREESCOLAR,19.354255,-99.073903
SECUNDARIA,19.305321,-99.241193
PRIMARIA,19.379124,-99.192752
PRIMARIA,19.357149,-99.200286
SECUNDARIA,19.372,-99.1579
SECUNDARIA,19.377604,-99.198864
PREESCOLAR,19.313332,-99.132688
PREESCOLAR,19.557917,-99.134858
PREESCOLAR,19.32882,-99.08761
SECUNDARIA,19.4073,-99.1908
SECUNDARIA,19.425498,-99.066498
SECUNDARIA,19.241516,-98.993354
SECUNDARIA,19.320135,-99.127063
SECUNDARIA,19.482054,-99.203922
INICIAL,19.423114,-99.206432
PRIMARIA,19.462353,-99.139717
SECUNDARIA,19.3049,-99.2415
SECUNDARIA,19.516239,-99.132044
SECUNDARIA,19.368893,-99.038823
PREESCOLAR,19.456236,-99.104498
PRIMARIA,19.3959,-99.0976
PREESCOLAR,19.480355,-99.078456
PREESCOLAR,19.391446,-99.118936
PREESCOLAR,19.417983,-99.056865
PREESCOLAR,19.372183,-99.021824
PRIMARIA,19.35912,-99.118389
PREESCOLAR,19.329343,-99.122216
PREESCOLAR,19.525947,-99.144982
PREESCOLAR,19.4829,-99.1135
PREESCOLAR,19.474505,-99.08408
PREESCOLAR,19.335948,-99.153522
PREESCOLAR,19.318514,-99.169941
PREESCOLAR,19.487058,-99.117799
PRIMARIA,19.367011,-99.001665
PRIMARIA,19.40569,-99.129957
PRIMARIA,19.450731,-99.057758
PRIMARIA,19.196689,-99.141852
PRIMARIA,19.347487,-99.056781
PREESCOLAR,19.494926,-99.097032
PREESCOLAR,19.391739,-99.131596
PREESCOLAR,19.399397,-99.064441
PREESCOLAR,19.532322,-99.138791
PREESCOLAR,19.463891,-99.122387
PRIMARIA,19.382502,-99.118697
SECUNDARIA,19.32882,-99.079697
SECUNDARIA,19.363727,-99.121751
PRIMARIA,19.382468,-99.052375
PRIMARIA,19.361791,-99.163302
SECUNDARIA,19.418148,-99.131755
PRIMARIA,19.38254,-99.255233
PRIMARIA,19.41461,-99.058532
PRIMARIA,19.382756,-99.15533
PRIMARIA,19.48455,-99.071142
PRIMARIA,19.376426,-99.070775
PRIMARIA,19.312338,-99.254645
PRIMARIA,19.348887,-99.044785
PRIMARIA,19.356983,-99.016045
PRIMARIA,19.519364,-99.133714
PRIMARIA,19.39573,-99.049903
PREESCOLAR,19.408997,-99.126115
PRIMARIA,19.372,-99.1579
PRIMARIA,19.34997,-99.114085
PREESCOLAR,19.462303,-99.139729
SECUNDARIA,19.366636,-99.122013
SECUNDARIA,19.485497,-99.097797
SECUNDARIA,19.337322,-99.19881
PREESCOLAR,19.312595,-99.257962
SECUNDARIA,19.327818,-99.044066
INICIAL,19.440445,-99.146023
SECUNDARIA,19.408042,-99.13463
PRIMARIA,19.384427,-99.161902
PREESCOLAR,19.424443,-99.1436
SECUNDARIA,19.513369,-99.131918
PRIMARIA,19.3908,-99.1954
PRIMARIA,19.3908,-99.1954
INICIAL,19.359,-99.0926
SECUNDARIA,19.530537,-99.147369
PRIMARIA,19.238419,-98.998279
INICIAL,19.4829,-99.1135
INICIAL,19.345054,-99.284086
SECUNDARIA,19.392857,-99.182726
PRIMARIA,19.386733,-99.056763
PREESCOLAR,19.395025,-99.18657
PRIMARIA,19.509779,-99.202223
INICIAL,19.492211,-99.135327
PRIMARIA,19.369452,-99.06774
PRIMARIA,19.280075,-99.164365
PRIMARIA,19.297298,-99.036406
PRIMARIA,19.347485,-99.300323
PREESCOLAR,19.495556,-99.180573
PRIMARIA,19.485493,-99.113553
PRIMARIA,19.548569,-99.15283
PRIMARIA,19.358614,-99.093829
INICIAL,19.43147,-99.119605
PRIMARIA,19.307681,-99.108535
PRIMARIA,19.29297,-99.115031
PRIMARIA,19.317149,-99.109874
PREESCOLAR,19.311478,-99.15339
PRIMARIA,19.384478,-99.169273
INICIAL,19.294485,-99.160112
PRIMARIA,19.366303,-98.993734
PRIMARIA,19.4073,-99.1908
PRIMARIA,19.340713,-99.068132
SECUNDARIA,19.451988,-99.141917
PRIMARIA,19.285252,-98.995809
SECUNDARIA,19.343035,-99.244339
PRIMARIA,19.3474,-99.247889
PRIMARIA,19.297451,-99.140114
PRIMARIA,19.355699,-99.29169
PRIMARIA,19.438393,-99.159389
PRIMARIA,19.356458,-99.266362
PRIMARIA,19.334002,-99.050055
PRIMARIA,19.404315,-99.14983
PRIMARIA,19.45266,-99.20925
SECUNDARIA,19.288062,-99.180618
PRIMARIA,19.376035,-99.104537
PRIMARIA,19.467248,-99.137851
PRIMARIA,19.327927,-99.064794
SECUNDARIA,19.354786,-99.295764
PREESCOLAR,19.326263,-99.1408
SECUNDARIA,19.245194,-99.02017
PRIMARIA,19.474413,-99.068614
PRIMARIA,19.389065,-99.258513
PRIMARIA,19.383064,-99.113894
PRIMARIA,19.24612,-99.092998
PRIMARIA,19.348159,-99.147885
PRIMARIA,19.2883,-99.1671
SECUNDARIA,19.373913,-99.185761
SECUNDARIA,19.333902,-99.05112
INICIAL,19.312222,-99.081968
PRIMARIA,19.37545,-99.193422
PREESCOLAR,19.391445,-99.183756
SECUNDARIA,19.483025,-99.183476
PRIMARIA,19.312293,-99.038052
PRIMARIA,19.322494,-99.115661
PRIMARIA,19.327824,-99.023783
PRIMARIA,19.355419,-99.024135
PRIMARIA,19.28679,-99.03689
PRIMARIA,19.34654,-99.081384
PRIMARIA,19.474608,-99.065923
PRIMARIA,19.500095,-99.115392
PRIMARIA,19.401451,-99.199525
PRIMARIA,19.370532,-99.07643
PRIMARIA,19.375594,-99.151613
SECUNDARIA,19.3502,-99.1621
PRIMARIA,19.321078,-99.062443
PREESCOLAR,19.217059,-98.990227
PREESCOLAR,19.408792,-99.122092
PREESCOLAR,19.366699,-99.176186
PRIMARIA,19.497449,-99.075865
PREESCOLAR,19.379648,-99.204763
PRIMARIA,19.440703,-99.119544
SECUNDARIA,19.359,-99.0926
PRIMARIA,19.310914,-99.04735
PREESCOLAR,19.404685,-99.202202
SECUNDARIA,19.276654,-99.21192
SECUNDARIA,19.549734,-99.126157
PRIMARIA,19.447163,-99.114205
PRIMARIA,19.411413,-99.057176
SECUNDARIA,19.446687,-99.1605
INICIAL,19.373352,-99.288568
PRIMARIA,19.359685,-99.16684
SECUNDARIA,19.350801,-99.067421
SECUNDARIA,19.473917,-99.188405
PRIMARIA,19.357296,-99.229026
PRIMARIA,19.385625,-99.183469
PREESCOLAR,19.43227,-99.193305
SECUNDARIA,19.357531,-99.296878
PRIMARIA,19.372704,-99.026567
INICIAL,19.440147,-99.147215
SECUNDARIA,19.310625,-99.239445
SECUNDARIA,19.505304,-99.126056
INICIAL,19.405138,-99.145097
PRIMARIA,19.310422,-99.245564
SECUNDARIA,19.448911,-99.21055
SECUNDARIA,19.361977,-99.300779
PRIMARIA,19.370558,-99.075963
PRIMARIA,19.50766,-99.099772
SECUNDARIA,19.465151,-99.173548
PRIMARIA,19.194425,-99.095385
PRIMARIA,19.432946,-99.093872
SECUNDARIA,19.495339,-99.210854
PREESCOLAR,19.548221,-99.143978
PRIMARIA,19.263457,-99.003209
PRIMARIA,19.2635,-99.1049
PRIMARIA,19.356557,-99.081677
PRIMARIA,19.401978,-99.158391
PRIMARIA,19.457027,-99.142284
SECUNDARIA,19.472831,-99.06475
PREESCOLAR,19.301344,-99.147841
PRIMARIA,19.444179,-99.205706
SECUNDARIA,19.546723,-99.124474
SECUNDARIA,19.292301,-99.114151
PRIMARIA,19.377919,-99.197371
PRIMARIA,19.42154,-99.086777
PRIMARIA,19.38702,-99.10904
PRIMARIA,19.482129,-99.115705
SECUNDARIA,19.370957,-99.184648
PRIMARIA,19.187855,-99.075159
PRIMARIA,19.485366,-99.07214
PREESCOLAR,19.493168,-99.150265
PRIMARIA,19.373194,-99.2881
SECUNDARIA,19.35951,-99.095527
PRIMARIA,19.520183,-99.13785
PREESCOLAR,19.456386,-99.147928
PRIMARIA,19.4073,-99.1908
PRIMARIA,19.37949,-99.173169
PRIMARIA,19.4829,-99.1135
SECUNDARIA,19.370776,-99.067483
PRIMARIA,19.29626,-99.13116
PRIMARIA,19.3908,-99.1954
PRIMARIA,19.2706,-99.0048
PRIMARIA,19.359,-99.0926
PRIMARIA,19.457767,-99.200824
SECUNDARIA,19.4073,-99.1908
PRIMARIA,19.474783,-99.154266
PRIMARIA,19.350026,-99.300381
PRIMARIA,19.379229,-99.069964
PREESCOLAR,19.4829,-99.1135
SECUNDARIA,19.444475,-99.101637
PRIMARIA,19.46605,-99.159481
SECUNDARIA,19.278148,-99.235081
PREESCOLAR,19.383307,-99.131054
PRIMARIA,19.305471,-99.221569
PRIMARIA,19.321288,-99.121399
INICIAL,19.451228,-99.14078
INICIAL,19.511904,-99.147894
PRIMARIA,19.444832,-99.145946
PRIMARIA,19.485683,-99.195026
PRIMARIA,19.496797,-99.128549
PRIMARIA,19.36819,-99.027478
SECUNDARIA,19.4829,-99.1135
SECUNDARIA,19.395624,-99.165153
SECUNDARIA,19.441855,-99.175694
PRIMARIA,19.392747,-99.043347
PRIMARIA,19.377462,-99.070616
PRIMARIA,19.423492,-99.056535
PREESCOLAR,19.368264,-99.24408
PRIMARIA,19.487558,-99.19097
PRIMARIA,19.553376,-99.13656
PRIMARIA,19.412935,-99.102011
SECUNDARIA,19.37142,-99.291359
PRIMARIA,19.370115,-99.204856
PREESCOLAR,19.489289,-99.128134
PRIMARIA,19.346251,-99.024246
PRIMARIA,19.355206,-99.193402
PREESCOLAR,19.440445,-99.146023
PREESCOLAR,19.336894,-99.153497
SECUNDARIA,19.378102,-99.185342
PREESCOLAR,19.451842,-99.11072
PRIMARIA,19.450585,-99.185833
SECUNDARIA,19.255762,-99.126996
INICIAL,19.368264,-99.24408
PREESCOLAR,19.413861,-99.078164
PRIMARIA,19.19297,-99.01237
PRIMARIA,19.32973,-99.03403
SECUNDARIA,19.340375,-99.145939
SECUNDARIA,19.487544,-99.083576
SECUNDARIA,19.564307,-99.138639
PRIMARIA,19.442295,-99.210059
PRIMARIA,19.361564,-99.114467
PRIMARIA,19.456448,-99.132987
SECUNDARIA,19.36729,-99.169018
PRIMARIA,19.333906,-99.152615
PRIMARIA,19.481658,-99.120637
PRIMARIA,19.489579,-99.091026
PRIMARIA,19.460013,-99.10474
PREESCOLAR,19.496854,-99.185764
SECUNDARIA,19.367844,-99.079475
PRIMARIA,19.3502,-99.1621
PRIMARIA,19.31308,-98.964101
SECUNDARIA,19.331668,-99.022635
PRIMARIA,19.461804,-99.132592
SECUNDARIA,19.280739,-99.184933
SECUNDARIA,19.294647,-99.152817
PRIMARIA,19.35102,-99.154619
PRIMARIA,19.411551,-99.119163
PREESCOLAR,19.372,-99.1579
PRIMARIA,19.470129,-99.158204
PRIMARIA,19.399457,-99.064433
PRIMARIA,19.198852,-99.141691
INICIAL,19.462662,-99.124858
PRIMARIA,19.357155,-99.033224
PRIMARIA,19.439107,-99.107805
PRIMARIA,19.378925,-99.208827
PRIMARIA,19.366867,-99.232516
SECUNDARIA,19.4416,-99.1519
SECUNDARIA,19.392064,-99.140479
SECUNDARIA,19.40499,-99.067585
PRIMARIA,19.387731,-99.060241
PRIMARIA,19.3908,-99.1954
SECUNDARIA,19.291301,-99.221985
SECUNDARIA,19.4451,-99.192823
SECUNDARIA,19.36113,-99.110093
PRIMARIA,19.330322,-99.275783
SECUNDARIA,19.37646,-99.037222
PRIMARIA,19.417049,-99.159395
PRIMARIA,19.419393,-99.15919
PRIMARIA,19.412851,-99.093174
PREESCOLAR,19.356903,-99.165408
PRIMARIA,19.505841,-99.089791
SECUNDARIA,19.42437,-99.119804
PRIMARIA,19.405346,-99.170449
SECUNDARIA,19.403625,-99.183035
SECUNDARIA,19.183081,-99.071222
PRIMARIA,19.378774,-99.018965
INICIAL,19.439439,-99.132414
PRIMARIA,19.310914,-99.04735
INICIAL,19.47198,-99.188309
PRIMARIA,19.387581,-99.102321
SECUNDARIA,19.288592,-99.227152
INICIAL,19.419896,-99.097607
SECUNDARIA,19.368893,-99.038823
PRIMARIA,19.318069,-99.161763
PRIMARIA,19.4829,-99.1135
SECUNDARIA,19.368613,-99.192213
PRIMARIA,19.4073,-99.1908
PRIMARIA,19.436908,-99.134175
INICIAL,19.458399,-99.133195
PRIMARIA,19.28466,-99.010764
PREESCOLAR,19.415653,-99.115933
INICIAL,19.295302,-99.177599
PRIMARIA,19.35312,-99.160862
PRIMARIA,19.320136,-99.100854
PRIMARIA,19.493792,-99.130042
PRIMARIA,19.38346,-99.029891
PRIMARIA,19.218941,-99.121551
PRIMARIA,19.306513,-99.247227
SECUNDARIA,19.321382,-99.138381
PRIMARIA,19.272151,-99.124013
PRIMARIA,19.325092,-99.115541
PRIMARIA,19.35891,-99.253799
SECUNDARIA,19.395753,-99.212996
SECUNDARIA,19.522327,-99.14567
PRIMARIA,19.377414,-99.03492
PRIMARIA,19.399647,-99.068569
PRIMARIA,19.198518,-99.122657
PREESCOLAR,19.388042,-99.075673
SECUNDARIA,19.532583,-99.142676
SECUNDARIA,19.43825,-99.11805
SECUNDARIA,19.340748,-99.198628
PRIMARIA,19.393721,-99.073289
INICIAL,19.357071,-99.0577
SECUNDARIA,19.384401,-99.229821
INICIAL,19.495556,-99.180573
SECUNDARIA,19.370532,-99.204901
SECUNDARIA,19.300175,-99.113228
PREESCOLAR,19.47198,-99.188309
PRIMARIA,19.330779,-99.326206
PRIMARIA,19.504338,-99.096373
PRIMARIA,19.323442,-99.237095
SECUNDARIA,19.474043000000002,-99.122183
SECUNDARIA,19.192065,-99.00092
PRIMARIA,19.348217000000002,-99.025028
INICIAL,19.391206,-99.094728
PRIMARIA,19.325097,-99.259228
PRIMARIA,19.345553,-99.06017
SECUNDARIA,19.490089,-99.207837
PRIMARIA,19.2706,-99.0048
PRIMARIA,19.485366,-99.07214
PRIMARIA,19.339174,-99.084984
SECUNDARIA,19.4416,-99.1519
PRIMARIA,19.319219,-99.062387
INICIAL,19.48214,-99.183597
PRIMARIA,19.442698,-99.07929
SECUNDARIA,19.344215,-99.153657
PRIMARIA,19.4416,-99.1519
PRIMARIA,19.412445,-99.115178
PRIMARIA,19.452478,-99.193008
SECUNDARIA,19.360154,-99.198637
PRIMARIA,19.372559,-99.196597
PRIMARIA,19.4073,-99.1908
SECUNDARIA,19.355895,-99.0958
PRIMARIA,19.394431,-99.18229
PRIMARIA,19.350687,-99.119286
PRIMARIA,19.343002,-99.009052
PRIMARIA,19.438249,-99.136999
SECUNDARIA,19.498508,-99.075389
PRIMARIA,19.465156,-99.173526
SECUNDARIA,19.410029,-99.083712
INICIAL,19.499655,-99.094962
PRIMARIA,19.473418,-99.162329
SECUNDARIA,19.353958,-99.146537
PRIMARIA,19.226947,-99.107834
PRIMARIA,19.268605,-99.211293
PRIMARIA,19.489841,-99.088533
PRIMARIA,19.39685,-99.19274
PRIMARIA,19.362472,-99.063345
SECUNDARIA,19.5021,-99.173013
PREESCOLAR,19.412254,-99.122972
PRIMARIA,19.440703,-99.119544
PRIMARIA,19.497209,-99.18237
PRIMARIA,19.395175,-99.065333999999993
SECUNDARIA,19.397795,-99.164214
SECUNDARIA,19.426065,-99.058935
PRIMARIA,19.389639,-99.094361
SECUNDARIA,19.425684,-99.135217
PREESCOLAR,19.434443,-99.125814
PRIMARIA,19.389967,-99.09049
PRIMARIA,19.312773,-99.149794
PRIMARIA,19.195092,-99.026724
PREESCOLAR,19.423475,-99.15741
PRIMARIA,19.390238,-99.04119
SECUNDARIA,19.417984,-99.12018
PRIMARIA,19.342443,-99.282409
PREESCOLAR,19.345438,-99.060037
SECUNDARIA,19.31478,-99.161068
SECUNDARIA,19.246048,-99.114079
PRIMARIA,19.332019,-99.037812
INICIAL,19.3908,-99.1954
SECUNDARIA,19.362429,-99.015469
PRIMARIA,19.370665,-99.068933
PRIMARIA,19.2883,-99.1671
SECUNDARIA,19.451021,-99.194925
PRIMARIA,19.21674,-98.998549
PRIMARIA,19.460634,-99.132423
INICIAL,19.476725,-99.196583
SECUNDARIA,19.389251,-99.091565
PRIMARIA,19.317949,-99.070161
PRIMARIA,19.455073,-99.206806
SECUNDARIA,19.357285,-99.021726
PRIMARIA,19.455523,-99.206751
PRIMARIA,19.2706,-99.0048
SECUNDARIA,19.444402,-99.214488
SECUNDARIA,19.497451,-99.182745
SECUNDARIA,19.355457,-99.121333
PRIMARIA,19.45257,-99.056113
SECUNDARIA,19.327818,-99.044066
SECUNDARIA,19.444475,-99.101637
SECUNDARIA,19.315244,-99.231578
PRIMARIA,19.441703,-99.087723
SECUNDARIA,19.376863,-99.285161
PREESCOLAR,19.305138,-99.185326
PREESCOLAR,19.449287000000002,-99.137878
INICIAL,19.33677,-99.1093
PRIMARIA,19.300104,-99.112989
PRIMARIA,19.4841,-99.1844
SECUNDARIA,19.394849,-99.097677
PREESCOLAR,19.448661,-99.194313
PRIMARIA,19.464507,-99.148234
PRIMARIA,19.515637,-99.136144
PRIMARIA,19.444173,-99.101158
PRIMARIA,19.479019,-99.191416
PRIMARIA,19.48355,-99.099589
PRIMARIA,19.443564,-99.155964
PRIMARIA,19.4928,-99.138269
SECUNDARIA,19.452664,-99.06869
PRIMARIA,19.479229,-99.147334
PRIMARIA,19.30547,-99.13374
PRIMARIA,19.385724,-99.162899
SECUNDARIA,19.2883,-99.1671
PRIMARIA,19.26357,-99.17158
PRIMARIA,19.243772,-99.093452
INICIAL,19.414191,-99.185365
PRIMARIA,19.392537,-99.106086
PRIMARIA,19.35678,-99.298235
PREESCOLAR,19.344905,-99.191155
PRIMARIA,19.382502,-99.118697
SECUNDARIA,19.389468,-99.257889
INICIAL,19.30245,-99.071859
SECUNDARIA,19.407702,-99.115852
PRIMARIA,19.340713,-99.068132
SECUNDARIA,19.290594,-99.184771
PRIMARIA,19.33906,-98.985842
PRIMARIA,19.390023,-99.147977
SECUNDARIA,19.320828,-99.223751
SECUNDARIA,19.323442,-99.237095
SECUNDARIA,19.494756,-99.096926
PRIMARIA,19.3908,-99.1954
INICIAL,19.50999,-99.12658
PRIMARIA,19.367739,-99.170198
SECUNDARIA,19.463891,-99.122387
PRIMARIA,19.271723,-99.191368
PRIMARIA,19.419783,-99.089887
INICIAL,19.359,-99.0926
PRIMARIA,19.454785,-99.069707
PREESCOLAR,19.420647,-99.149393
PRIMARIA,19.407517,-99.148099
SECUNDARIA,19.381895,-99.061618
PRIMARIA,19.393514,-99.109384
PRIMARIA,19.458039,-99.188834
INICIAL,19.398975,-99.146604
SECUNDARIA,19.373854,-99.208061
PREESCOLAR,19.199501,-99.055816
SECUNDARIA,19.46041,-99.092238
PRIMARIA,19.371992,-99.157853
PREESCOLAR,19.44747,-99.195144
SECUNDARIA,19.561005,-99.1472
PRIMARIA,19.412,-99.192241
PRIMARIA,19.336508,-99.056266
INICIAL,19.4416,-99.1519
PRIMARIA,19.257031,-99.03958
PRIMARIA,19.372411,-99.229773
SECUNDARIA,19.295398,-99.070551
PRIMARIA,19.489932,-99.116739
PRIMARIA,19.43922,-99.147249
PRIMARIA,19.332921,-99.177005
SECUNDARIA,19.435288,-99.180562
PRIMARIA,19.3908,-99.1954
PRIMARIA,19.497244,-99.197443
PRIMARIA,19.4829,-99.1135
PRIMARIA,19.346405,-99.079981
PRIMARIA,19.438859,-99.100236
PRIMARIA,19.2883,-99.1671
PRIMARIA,19.252764,-99.009039
PRIMARIA,19.218798,-99.097979
PRIMARIA,19.243772,-99.093452
PRIMARIA,19.4416,-99.1519
PRIMARIA,19.365814,-99.118868
SECUNDARIA,19.458661,-99.111454
PREESCOLAR,19.449808,-99.204267
PRIMARIA,19.4829,-99.1135
SECUNDARIA,19.411652,-99.099475
PRIMARIA,19.33744,-99.04359
PRIMARIA,19.331501,-99.059292
INICIAL,19.311679,-99.119253
PREESCOLAR,19.419896,-99.097607
PRIMARIA,19.4841,-99.1844
PRIMARIA,19.302132,-99.245798
INICIAL,19.335566,-99.202398
PRIMARIA,19.22332,-98.99613
INICIAL,19.278501,-99.006088
PRIMARIA,19.376257,-99.019778
PRIMARIA,19.473261,-99.174113
PRIMARIA,19.426782,-99.071531
PREESCOLAR,19.362613,-99.114332
SECUNDARIA,19.431376,-99.204877
PRIMARIA,19.374396,-99.145195
PRIMARIA,19.294439,-99.057965
PRIMARIA,19.323132,-99.089668
SECUNDARIA,19.31524,-99.222643
SECUNDARIA,19.34379,-99.14854
PRIMARIA,19.415667,-99.08634
INICIAL,19.382608,-99.066138
PREESCOLAR,19.177007,-99.030046
SECUNDARIA,19.419743,-99.105571
PRIMARIA,19.233145,-99.181454
PRIMARIA,19.407453,-99.14802
SECUNDARIA,19.507792,-99.2009
PRIMARIA,19.3908,-99.1954
PRIMARIA,19.315343,-99.226547
PRIMARIA,19.264457,-99.116534
SECUNDARIA,19.335907,-99.174305
PRIMARIA,19.438568,-99.12911
SECUNDARIA,19.483223,-99.131132
PRIMARIA,19.290334,-99.239024
PRIMARIA,19.248325,-98.994855
PRIMARIA,19.326725,-99.078665
INICIAL,19.419141,-99.149497
PRIMARIA,19.484115,-99.086571
PRIMARIA,19.389313,-99.257533
PRIMARIA,19.26055,-99.00934
INICIAL,19.4829,-99.1135
PRIMARIA,19.41972,-99.101119
PREESCOLAR,19.42224,-99.098265
PRIMARIA,19.495947,-99.150339
PRIMARIA,19.415184,-99.146607
PRIMARIA,19.353825,-99.309449
PRIMARIA,19.374546,-99.198664
SECUNDARIA,19.364025,-99.16742
PRIMARIA,19.192393,-99.089619
PREESCOLAR,19.364807,-99.131751
SECUNDARIA,19.446481,-99.159415
PRIMARIA,19.175222,-99.034252
SECUNDARIA,19.394993,-99.10851
SECUNDARIA,19.341671,-99.196593
SECUNDARIA,19.501357,-99.117159
SECUNDARIA,19.391734,-99.072748
SECUNDARIA,19.481961,-99.072644
PRIMARIA,19.375119,-99.20359
SECUNDARIA,19.314207,-99.166688
SECUNDARIA,19.359857,-99.003016
SECUNDARIA,19.387087,-99.259915
PRIMARIA,19.399507,-99.082543
PRIMARIA,19.41226,-99.132448
PRIMARIA,19.375667,-99.148579
INICIAL,19.193527,-99.095888
PRIMARIA,19.4416,-99.1519
PRIMARIA,19.219219,-99.097741
PRIMARIA,19.34108,-99.009224
INICIAL,19.31595,-99.249453
SECUNDARIA,19.32882,-99.079697
PRIMARIA,19.378613,-99.018741
PRIMARIA,19.4416,-99.1519
PRIMARIA,19.411016,-99.066788
PRIMARIA,19.386532,-99.049259
PREESCOLAR,19.345614,-99.225593
SECUNDARIA,19.483223,-99.131132
SECUNDARIA,19.465851,-99.187687
PRIMARIA,19.2883,-99.1671
PRIMARIA,19.2883,-99.1671
PRIMARIA,19.447841,-99.062316
PRIMARIA,19.339661,-99.01771
PRIMARIA,19.33728,-99.153191
SECUNDARIA,19.268304,-99.160079
INICIAL,19.465038,-99.16906
SECUNDARIA,19.449986,-99.062615
PRIMARIA,19.388428,-99.073269
SECUNDARIA,19.248754,-99.102423
INICIAL,19.217059,-98.990227
PRIMARIA,19.47004,-99.075284
INICIAL,19.19311,-99.02766
PRIMARIA,19.337678,-99.134761
PRIMARIA,19.248351,-99.123711
SECUNDARIA,19.454926,-99.208846
PRIMARIA,19.334872,-99.041928
PRIMARIA,19.29548,-99.029292
SECUNDARIA,19.510734,-99.199243
INICIAL,19.39934,-99.159025
INICIAL,19.400572,-99.19064
PRIMARIA,19.375846,-99.152213
PRIMARIA,19.444779,-99.100525
PRIMARIA,19.276548,-99.1183
PREESCOLAR,19.30245,-99.071859
INICIAL,19.429604,-99.189365
PRIMARIA,19.438132,-99.157672
PRIMARIA,19.267706,-99.129251
INICIAL,19.391182,-99.179847
PRIMARIA,19.422965,-99.139828
PRIMARIA,19.276111,-99.21905
PREESCOLAR,19.339453,-99.116785
PRIMARIA,19.45869,-99.114841
PRIMARIA,19.371068,-99.109085
PRIMARIA,19.281775,-99.119475
PRIMARIA,19.377049,-99.110006
PRIMARIA,19.389224,-99.034189
PRIMARIA,19.468007,-99.060956
PRIMARIA,19.4073,-99.1908
PRIMARIA,19.311349,-98.967882
SECUNDARIA,19.4073,-99.1908
PRIMARIA,19.307329,-99.334503
SECUNDARIA,19.379358,-99.146862
SECUNDARIA,19.487728,-99.106452
SECUNDARIA,19.376277,-99.284169
PRIMARIA,19.37455,-99.142129
SECUNDARIA,19.35296,-99.064668
PREESCOLAR,19.444987,-99.214944
PRIMARIA,19.330878,-99.172084
SECUNDARIA,19.320123,-99.163212
PRIMARIA,19.4416,-99.1519
PRIMARIA,19.372162,-99.18473
PRIMARIA,19.419643,-99.100556
PRIMARIA,19.3908,-99.1954
PRIMARIA,19.4829,-99.1135
PRIMARIA,19.325191,-99.049629
SECUNDARIA,19.514539,-99.138601
PRIMARIA,19.360448,-99.297068
PRIMARIA,19.462158,-99.191512
PRIMARIA,19.549954,-99.141755
SECUNDARIA,19.39446,-99.137098
SECUNDARIA,19.295473,-99.180302
PRIMARIA,19.20265,-99.04928
PREESCOLAR,19.50715,-99.128812
SECUNDARIA,19.276974,-99.173927
PRIMARIA,19.4829,-99.1135
PRIMARIA,19.4829,-99.1135
PRIMARIA,19.370665,-99.068933
PRIMARIA,19.500742,-99.08599
PRIMARIA,19.456245,-99.054801
PRIMARIA,19.337901,-99.01979
PRIMARIA,19.436352,-99.092652
SECUNDARIA,19.40293,-99.1742
PRIMARIA,19.479699,-99.112612
SECUNDARIA,19.385571,-99.126666
PRIMARIA,19.460934,-99.17182
PRIMARIA,19.366442,-99.093522
PRIMARIA,19.198668,-99.143864
PREESCOLAR,19.342741,-99.190843
PRIMARIA,19.427992,-99.071703
PRIMARIA,19.347193999999998,-99.052681
PRIMARIA,19.478258,-99.082094
PRIMARIA,19.205524,-99.068013
PRIMARIA,19.1782,-98.999253
PREESCOLAR,19.447664,-99.176803
PREESCOLAR,19.193527,-99.095888
PRIMARIA,19.386589,-99.0492
PRIMARIA,19.296993,-99.051645
PREESCOLAR,19.479718,-99.200256
PRIMARIA,19.417537,-99.064146
PRIMARIA,19.491735,-99.178375
PRIMARIA,19.463028,-99.104339
PRIMARIA,19.361576,-99.245553
SECUNDARIA,19.473338,-99.161177
INICIAL,19.383094,-99.043907
SECUNDARIA,19.440926,-99.128875
PREESCOLAR,19.364636,-99.078799
PRIMARIA,19.445236,-99.213487
PRIMARIA,19.259086,-99.08538
PRIMARIA,19.376205,-99.199989
PRIMARIA,19.336457,-99.124094
PRIMARIA,19.521122,-99.13162
PRIMARIA,19.297467,-99.244474
PRIMARIA,19.552283,-99.151672
PRIMARIA,19.428765,-99.177232
SECUNDARIA,19.490351,-99.139483
SECUNDARIA,19.3908,-99.1954
SECUNDARIA,19.514158,-99.138856
SECUNDARIA,19.311856,-99.248415
PRIMARIA,19.317009,-99.133264
INICIAL,19.410502,-99.083938
PRIMARIA,19.372589,-99.005525
PREESCOLAR,19.37815,-99.11071
SECUNDARIA,19.341517,-99.252566
PRIMARIA,19.5101,-99.192129
PRIMARIA,19.432131,-99.188222
PRIMARIA,19.275468,-99.125886
SECUNDARIA,19.507164,-99.189596
PRIMARIA,19.419995,-99.08648
PREESCOLAR,19.406371,-99.067674
PREESCOLAR,19.442673,-99.174201
PRIMARIA,19.472451,-99.115992
SECUNDARIA,19.449004,-99.09058
SECUNDARIA,19.383319,-99.168221
SECUNDARIA,19.25722,-99.103961
PREESCOLAR,19.416535,-99.148248
SECUNDARIA,19.382495,-99.06987
SECUNDARIA,19.242912,-99.071743
PRIMARIA,19.445083,-99.218271
SECUNDARIA,19.342806,-99.282711
PRIMARIA,19.373079,-99.16993
SECUNDARIA,19.461558,-99.1115
PREESCOLAR,19.497136,-99.079781
PRIMARIA,19.358451,-99.212334
PRIMARIA,19.461697,-99.125963
INICIAL,19.356381,-99.101913
PRIMARIA,19.394196,-99.070043
PRIMARIA,19.328491,-99.080217
PRIMARIA,19.374444,-99.147493
PRIMARIA,19.44776,-99.158089
PRIMARIA,19.35891,-99.253799
SECUNDARIA,19.32464,-99.260173
PRIMARIA,19.455369,-99.122527
INICIAL,19.386955,-99.050004
PRIMARIA,19.38776,-99.032701
PRIMARIA,19.303372,-99.038332
PRIMARIA,19.359982,-99.187495
PRIMARIA,19.444733,-99.157883
PRIMARIA,19.342206,-99.204561
PRIMARIA,19.354119,-99.21442
PRIMARIA,19.372,-99.1579
PRIMARIA,19.391285,-99.089632
SECUNDARIA,19.336094,-98.99648
PRIMARIA,19.306636,-99.067004
PRIMARIA,19.4416,-99.1519
SECUNDARIA,19.389676,-99.094305
PRIMARIA,19.360517,-99.250373
PRIMARIA,19.337295,-98.988504
INICIAL,19.349183,-99.229888
PRIMARIA,19.395622,-99.108129
INICIAL,19.374939,-99.102713
PRIMARIA,19.43727,-99.176337
PRIMARIA,19.348637,-99.195214000000007
PRIMARIA,19.359,-99.0926
INICIAL,19.384063,-99.149411
PRIMARIA,19.283735,-99.185993
SECUNDARIA,19.372,-99.1579
SECUNDARIA,19.386533,-99.178835
PRIMARIA,19.475445,-99.128709
PRIMARIA,19.380319,-99.268728
PRIMARIA,19.484492,-99.201539
PRIMARIA,19.185206,-99.074905
PRIMARIA,19.351661,-99.16095
PREESCOLAR,19.440147,-99.147215
SECUNDARIA,19.276353,-99.007369
PREESCOLAR,19.354289,-99.035944
SECUNDARIA,19.340351,-98.99809
PRIMARIA,19.298352,-99.119109
PRIMARIA,19.374184,-99.120144
PRIMARIA,19.256063,-99.087519
SECUNDARIA,19.317131,-99.09004
PRIMARIA,19.3908,-99.1954
INICIAL,19.400863,-99.117068
SECUNDARIA,19.36528,-99.198948
PRIMARIA,19.287258,-99.06103
PRIMARIA,19.478834,-99.115329
PRIMARIA,19.363412,-99.164261
PRIMARIA,19.356898,-99.298235
SECUNDARIA,19.296407,-99.037172
SECUNDARIA,19.42962,-99.189965
SECUNDARIA,19.467942,-99.146528
PRIMARIA,19.435042,-99.113321
PRIMARIA,19.50999,-99.12658
PRIMARIA,19.352413,-99.054385
PRIMARIA,19.344589,-99.067137
PRIMARIA,19.314549,-99.074444
PRIMARIA,19.314549,-99.074444
INICIAL,19.39267,-99.112902
PRIMARIA,19.330684,-98.975999
INICIAL,19.3574,-99.2998
PREESCOLAR,19.482162,-99.209863
PRIMARIA,19.475301,-99.185288
PRIMARIA,19.362128,-99.011742
PRIMARIA,19.317466,-99.239608
SECUNDARIA,19.387882,-99.173015
SECUNDARIA,19.372,-99.1579
PRIMARIA,19.447723,-99.159059
PRIMARIA,19.472784,-99.109728
PRIMARIA,19.439721,-99.185459
PRIMARIA,19.261966,-99.112844
PRIMARIA,19.505795,-99.089789
SECUNDARIA,19.215766,-99.101178
SECUNDARIA,19.363352,-99.164254
PRIMARIA,19.457579,-99.115195
INICIAL,19.295239,-99.15862
PRIMARIA,19.458796,-99.183897
SECUNDARIA,19.4416,-99.1519
SECUNDARIA,19.422367,-99.057802
PRIMARIA,19.314207,-99.166688
PRIMARIA,19.287885,-99.171055
PRIMARIA,19.370438,-99.005953
PRIMARIA,19.384674,-99.038455
PRIMARIA,19.346907,-98.995151
PRIMARIA,19.280849,-99.008814
PREESCOLAR,19.4416,-99.1519
PRIMARIA,19.270683,-98.998718
PRIMARIA,19.456163,-99.1219
PRIMARIA,19.359146,-99.104645
PRIMARIA,19.238711,-99.159439
SECUNDARIA,19.400629,-99.255569
PRIMARIA,19.518759,-99.149172
INICIAL,19.395025,-99.18657
PRIMARIA,19.3574,-99.2998
PRIMARIA,19.390672,-99.146084
PRIMARIA,19.472615,-99.086752
PRIMARIA,19.480884,-99.203956
PRIMARIA,19.310677,-98.96609
INICIAL,19.337056,-99.122915
SECUNDARIA,19.307121,-99.236142
SECUNDARIA,19.38467,-99.168106
SECUNDARIA,19.4841,-99.1844
SECUNDARIA,19.282827,-99.056238
INICIAL,19.257132,-99.106736
PRIMARIA,19.48473,-99.090651
PRIMARIA,19.306733,-99.252711
PRIMARIA,19.282365,-99.234635
INICIAL,19.27652,-99.128455
PRIMARIA,19.287728,-99.164917
PRIMARIA,19.489564,-99.12378
PREESCOLAR,19.430717,-99.094705
SECUNDARIA,19.2883,-99.1671
PRIMARIA,19.3049,-99.2415
PREESCOLAR,19.41686,-99.151888
PREESCOLAR,19.427298,-99.097926
PREESCOLAR,19.355549,-99.066778
PRIMARIA,19.359,-99.0926
PRIMARIA,19.376863,-99.285161
PRIMARIA,19.4829,-99.1135
SECUNDARIA,19.509536,-99.15944
SECUNDARIA,19.335233,-99.112021
SECUNDARIA,19.383817,-99.114386
PRIMARIA,19.390171,-99.146332
SECUNDARIA,19.358987,-99.057542
PRIMARIA,19.432997,-99.216707
PRIMARIA,19.390405,-99.051212
SECUNDARIA,19.473559,-99.06385
INICIAL,19.50715,-99.128812
PRIMARIA,19.47555,-99.212481
PRIMARIA,19.437354,-99.121281
PRIMARIA,19.387014,-99.173383
PRIMARIA,19.292368,-99.150963
PRIMARIA,19.472244,-99.133919
SECUNDARIA,19.285887,-99.156123
PREESCOLAR,19.43294,-99.097138
PRIMARIA,19.358996,-99.210311
PRIMARIA,19.285797,-99.22787
PRIMARIA,19.24301,-99.073543
PRIMARIA,19.387723,-99.184988
SECUNDARIA,19.251563,-99.01425
PRIMARIA,19.453787,-99.147082
SECUNDARIA,19.434695,-99.096033
SECUNDARIA,19.335096,-99.041135
PRIMARIA,19.298306,-99.223128
PRIMARIA,19.564517,-99.139624
SECUNDARIA,19.355597,-99.155533
PRIMARIA,19.407301,-99.221452
PRIMARIA,19.343837,-99.216017
PRIMARIA,19.36683,-99.160274
PRIMARIA,19.374996,-99.11205
SECUNDARIA,19.277799,-99.124668
SECUNDARIA,19.257679,-99.162104
INICIAL,19.321387,-99.108108
PRIMARIA,19.408764,-99.127611
SECUNDARIA,19.3959,-99.0976
PRIMARIA,19.399151,-99.096591
PRIMARIA,19.326781,-99.123467
INICIAL,19.382982,-99.164425
PRIMARIA,19.265588,-99.114123
PRIMARIA,19.341548,-99.20744
SECUNDARIA,19.482083,-99.214756
PREESCOLAR,19.356381,-99.101913
PRIMARIA,19.391329,-99.138818
PREESCOLAR,19.2883,-99.1671
PRIMARIA,19.290874,-99.147724
SECUNDARIA,19.363743,-99.105562
SECUNDARIA,19.542049,-99.138897
SECUNDARIA,19.337109,-99.005988
PRIMARIA,19.330715,-99.073774
INICIAL,19.457482,-99.191941
PRIMARIA,19.392944,-99.063768
PRIMARIA,19.312222,-99.149125
SECUNDARIA,19.372,-99.1579
PRIMARIA,19.497883,-99.090886
INICIAL,19.4841,-99.1844
PRIMARIA,19.235,-99.16328
PRIMARIA,19.32114,-99.0375
SECUNDARIA,19.293175,-99.174683
PRIMARIA,19.357163,-99.083225
PRIMARIA,19.273295,-99.139903
PRIMARIA,19.435313,-99.180574
PRIMARIA,19.23468,-99.15896
PRIMARIA,19.393222,-99.134293
PRIMARIA,19.377462,-99.070616
SECUNDARIA,19.357569,-99.085813
PRIMARIA,19.390331,-99.095416
PRIMARIA,19.464345,-99.18122
SECUNDARIA,19.50999,-99.12658
SECUNDARIA,19.369751,-99.217784
SECUNDARIA,19.384277,-99.044009
PRIMARIA,19.256265,-99.106017
PRIMARIA,19.451136,-99.113156
SECUNDARIA,19.334322,-99.272793
SECUNDARIA,19.344903,-99.01645
PREESCOLAR,19.466438,-99.129951
PREESCOLAR,19.425408,-99.173261
PRIMARIA,19.474789,-99.142585
PRIMARIA,19.367067,-99.111069
PRIMARIA,19.310416,-99.248758
INICIAL,19.348631,-99.059557
PRIMARIA,19.426682,-99.069789
PRIMARIA,19.36095,-99.195831
INICIAL,19.326367,-99.135477
PRIMARIA,19.469201,-99.18632
PREESCOLAR,19.44165,-99.137015
PRIMARIA,19.468061,-99.187969
SECUNDARIA,19.420913,-99.159037
SECUNDARIA,19.369062,-99.142637
PRIMARIA,19.439781,-99.131326
SECUNDARIA,19.316332,-99.104015
PRIMARIA,19.450794,-99.161825
PRIMARIA,19.194425,-99.095385
PRIMARIA,19.295213,-99.057319
PREESCOLAR,19.359,-99.0926
PRIMARIA,19.466866,-99.105883
PREESCOLAR,19.440711,-99.135887
PRIMARIA,19.398511,-99.142694
PRIMARIA,19.4829,-99.1135
PRIMARIA,19.406285,-99.061489
PREESCOLAR,19.460762,-99.093924
PRIMARIA,19.351236,-99.004339
PRIMARIA,19.426101,-99.219368
PRIMARIA,19.271859,-99.173356
PRIMARIA,19.175582,-98.996661
PRIMARIA,19.375448,-99.16857
PRIMARIA,19.451744,-99.089127
SECUNDARIA,19.400126,-99.156109
SECUNDARIA,19.463386,-99.155863
SECUNDARIA,19.24612,-99.092998
SECUNDARIA,19.562507,-99.138301
PRIMARIA,19.461148,-99.127683
SECUNDARIA,19.354402,-99.192872
SECUNDARIA,19.293102,-99.176947
PRIMARIA,19.496523,-99.100655
PRIMARIA,19.36386,-99.07058
PRIMARIA,19.381805,-99.125715
PREESCOLAR,19.408841,-99.121994
SECUNDARIA,19.438184,-99.161428
PRIMARIA,19.507759,-99.093456
PRIMARIA,19.247214,-99.178273
PRIMARIA,19.348036,-99.007514
PRIMARIA,19.500915,-99.130476
PREESCOLAR,19.294657,-99.226416
SECUNDARIA,19.490173,-99.202515
SECUNDARIA,19.4829,-99.1135
INICIAL,19.38892,-99.066534
PRIMARIA,19.363707,-99.093038
PRIMARIA,19.355588,-99.074588
PRIMARIA,19.33605,-99.069154
SECUNDARIA,19.280088,-99.164467
PRIMARIA,19.440649,-99.146067
PRIMARIA,19.359,-99.0926
PRIMARIA,19.218341,-99.205892
PRIMARIA,19.421363,-99.07201
SECUNDARIA,19.3908,-99.1954
PRIMARIA,19.3574,-99.2998
PRIMARIA,19.333769,-99.025928
PRIMARIA,19.467129,-99.123443
PRIMARIA,19.368831,-99.155076
PREESCOLAR,19.346212,-99.151411
INICIAL,19.358498,-99.057309
PRIMARIA,19.264007,-99.164483
PRIMARIA,19.4193,-99.1137
PRIMARIA,19.377301,-99.171729
PRIMARIA,19.41461,-99.058532
PREESCOLAR,19.474313,-99.14525
PRIMARIA,19.400786,-99.130998
PRIMARIA,19.289251,-99.121857
PRIMARIA,19.395113,-99.192959
PRIMARIA,19.49506,-99.087466
PRIMARIA,19.4073,-99.1908
PRIMARIA,19.388184,-99.207518
PREESCOLAR,19.361441,-99.084301
INICIAL,19.416535,-99.148248
SECUNDARIA,19.477877,-99.157612
PRIMARIA,19.29445,-99.123394
INICIAL,19.300526,-99.046525
PRIMARIA,19.198518,-99.122657
PREESCOLAR,19.428263,-99.143812
INICIAL,19.453475,-99.134034
SECUNDARIA,19.385983,-99.202283
PRIMARIA,19.3908,-99.1954
SECUNDARIA,19.311319,-99.221929
PRIMARIA,19.39452,-99.137106
PRIMARIA,19.305648,-99.067388
PRIMARIA,19.387467,-99.214166
PRIMARIA,19.400027,-99.129309
SECUNDARIA,19.40717,-99.171715
PRIMARIA,19.324067,-99.159945
PRIMARIA,19.407675,-99.130503
PRIMARIA,19.45697,-99.104164
SECUNDARIA,19.375881,-99.053773
SECUNDARIA,19.394363,-99.072368
PRIMARIA,19.50754,-99.099371
SECUNDARIA,19.46853,-99.114237
PRIMARIA,19.299447,-99.12013
PRIMARIA,19.433677,-99.127817
PREESCOLAR,19.4829,-99.1135
PREESCOLAR,19.457482,-99.191941
PRIMARIA,19.40731,-99.17084
SECUNDARIA,19.36254,-99.067149
SECUNDARIA,19.370628,-99.186772
SECUNDARIA,19.4656,-99.107924
PRIMARIA,19.484716,-99.213724
PRIMARIA,19.448777,-99.194349
PRIMARIA,19.321097,-99.146818
PRIMARIA,19.487883,-99.119469
PRIMARIA,19.27642,-99.13781
PRIMARIA,19.512882,-99.160416
PRIMARIA,19.394937,-99.107076
PRIMARIA,19.399913,-99.162455
PREESCOLAR,19.561928,-99.141096
PRIMARIA,19.329343,-99.122216
INICIAL,19.290812,-99.160931
PRIMARIA,19.349877,-99.156117
PRIMARIA,19.4416,-99.1519
PRIMARIA,19.517651999999998,-99.128672
INICIAL,19.317231,-99.113201
PRIMARIA,19.33518,-99.227812
PREESCOLAR,19.389925,-99.202016
PRIMARIA,19.345168,-99.312464
SECUNDARIA,19.294933,-99.057341
PRIMARIA,19.379481,-99.052342
PRIMARIA,19.242348,-99.096198
PRIMARIA,19.448829,-99.141807
PRIMARIA,19.267975,-99.103384
SECUNDARIA,19.386085,-99.101218
INICIAL,19.446309,-99.169402
SECUNDARIA,19.306103,-99.22161
PRIMARIA,19.32186,-99.03977
PRIMARIA,19.4193,-99.1137
PREESCOLAR,19.364514,-99.140448
PRIMARIA,19.319219,-99.062387
PRIMARIA,19.475938,-99.178958
SECUNDARIA,19.478289,-99.114296
PRIMARIA,19.338665,-99.126181
SECUNDARIA,19.408207,-99.109636
SECUNDARIA,19.17679,-98.990068
SECUNDARIA,19.327261,-99.11668
PRIMARIA,19.514503,-99.131278
SECUNDARIA,19.497914,-99.114334
PRIMARIA,19.256588,-99.119049
PRIMARIA,19.393721,-99.073289
PRIMARIA,19.469201,-99.186323
PRIMARIA,19.506373,-99.089381
PREESCOLAR,19.439858,-99.175787
PREESCOLAR,19.253954,-99.011287
PREESCOLAR,19.438523,-99.087323
PRIMARIA,19.467353,-99.076838
PRIMARIA,19.186927,-99.073544
INICIAL,19.44588,-99.113558
SECUNDARIA,19.359618,-99.200803
PRIMARIA,19.44844,-99.161632
PRIMARIA,19.35665,-99.18363
INICIAL,19.475278,-99.15334
PRIMARIA,19.465721,-99.099011
PREESCOLAR,19.440633,-99.147085
SECUNDARIA,19.400791,-99.059482
SECUNDARIA,19.366867,-99.232516
PRIMARIA,19.422356,-99.118008
PRIMARIA,19.263712,-99.173449
PRIMARIA,19.49562,-99.08122
SECUNDARIA,19.242912,-99.071743
PRIMARIA,19.256008,-99.131127
SECUNDARIA,19.4451,-99.192823
SECUNDARIA,19.480052,-99.115139
PRIMARIA,19.213793,-98.992189
PRIMARIA,19.368142,-99.232546
SECUNDARIA,19.419792,-99.218573
PREESCOLAR,19.423139,-99.136774
PRIMARIA,19.34415,-99.21316
PRIMARIA,19.398122,-99.054243
SECUNDARIA,19.394849,-99.097677
PRIMARIA,19.484995,-99.114209
PRIMARIA,19.442029,-99.141015
INICIAL,19.460762,-99.093924
SECUNDARIA,19.293263,-99.054903
PRIMARIA,19.19771,-99.052546
INICIAL,19.42084,-99.134309
SECUNDARIA,19.350687,-99.119286
PRIMARIA,19.43804,-99.170139
PRIMARIA,19.24301,-99.073543
PRIMARIA,19.367216,-99.10409
PRIMARIA,19.218798,-99.097979
SECUNDARIA,19.452899,-99.132331
PRIMARIA,19.232484,-99.119325
SECUNDARIA,19.2883,-99.1671
PRIMARIA,19.541997,-99.138941
PRIMARIA,19.509287,-99.09843
PRIMARIA,19.319448,-99.09205
PRIMARIA,19.259716,-99.11476
PREESCOLAR,19.345054,-99.284086
PREESCOLAR,19.462662,-99.124858
PRIMARIA,19.372726,-99.170085
PRIMARIA,19.514126,-99.132276
PRIMARIA,19.438438,-99.125243
PREESCOLAR,19.484357,-99.104484
PRIMARIA,19.3049,-99.2415
SECUNDARIA,19.298352,-99.119109
PRIMARIA,19.374924,-99.185549
PRIMARIA,19.431849,-99.166597
SECUNDARIA,19.338979,-98.988175
PRIMARIA,19.415656,-99.15798
PRIMARIA,19.265892,-99.167815
PRIMARIA,19.313362,-99.101227
INICIAL,19.335392,-99.209789
PRIMARIA,19.449552,-99.17067
PRIMARIA,19.442295,-99.210059
PRIMARIA,19.50871,-99.12466
PRIMARIA,19.493495,-99.200524
SECUNDARIA,19.390271,-99.214028
PRIMARIA,19.2883,-99.1671
PRIMARIA,19.279358,-98.999845
PRIMARIA,19.42737,-99.095563
PRIMARIA,19.246958,-99.010609
SECUNDARIA,19.267933,-99.141691
PREESCOLAR,19.306786,-99.067393
PREESCOLAR,19.49452,-99.136599
PRIMARIA,19.472075,-99.108945
PRIMARIA,19.357194,-99.059985
PRIMARIA,19.305292,-99.246748
INICIAL,19.39898,-99.072595
PRIMARIA,19.472929,-99.161022
PRIMARIA,19.383372,-99.113671
PRIMARIA,19.309043,-99.110584
PRIMARIA,19.470079,-99.157358
PRIMARIA,19.353687999999998,-99.079174
SECUNDARIA,19.360553,-99.005839
PRIMARIA,19.345278,-99.038985
PRIMARIA,19.25236,-99.057941
PRIMARIA,19.315788,-99.248178
SECUNDARIA,19.3574,-99.2998
SECUNDARIA,19.3959,-99.0976
PREESCOLAR,19.430006,-99.221774
PRIMARIA,19.374109,-99.208406
SECUNDARIA,19.48099,-99.086954
PRIMARIA,19.368016,-99.103312
PRIMARIA,19.510886,-99.095921
PRIMARIA,19.42793,-99.095046
PRIMARIA,19.38302,-99.104928
PRIMARIA,19.3908,-99.1954
INICIAL,19.436673,-99.192106
PRIMARIA,19.372172,-99.2127
SECUNDARIA,19.350377,-99.045058
PRIMARIA,19.360196,-99.095727
PRIMARIA,19.287225,-99.04079
PRIMARIA,19.388546,-99.09175
SECUNDARIA,19.217895,-98.995777
INICIAL,19.344905,-99.191155
PRIMARIA,19.492663,-99.080413
SECUNDARIA,19.458571,-99.065292
SECUNDARIA,19.490614,-99.197475
INICIAL,19.423037,-99.195299
PREESCOLAR,19.419261,-99.151147
PRIMARIA,19.26965,-99.00401
SECUNDARIA,19.461516,-99.173007
PRIMARIA,19.390112,-99.122845
PRIMARIA,19.354465,-99.242314
PRIMARIA,19.290466,-99.221643
PRIMARIA,19.255771,-99.126632
INICIAL,19.437487,-99.16076
SECUNDARIA,19.334649,-99.204576
PRIMARIA,19.490996,-99.20783
PRIMARIA,19.49092,-99.19952
PRIMARIA,19.2883,-99.1671
PRIMARIA,19.318693,-99.23011
PREESCOLAR,19.434203,-99.2221
PRIMARIA,19.260309,-99.117531
PRIMARIA,19.334872,-99.041928
PREESCOLAR,19.466464,-99.150904
PRIMARIA,19.41079,-99.068
SECUNDARIA,19.45505,-99.10561
PREESCOLAR,19.462105,-99.111718
PRIMARIA,19.289021,-99.175474
PRIMARIA,19.250994,-99.027882
PRIMARIA,19.342822,-99.280258
INICIAL,19.422978,-99.151045
PRIMARIA,19.400786,-99.130998
PRIMARIA,19.33645,-99.018891
PRIMARIA,19.356489,-99.004424
PRIMARIA,19.381404,-99.03572
PRIMARIA,19.494926,-99.097032
PRIMARIA,19.442339,-99.112764
PRIMARIA,19.430479,-99.190067
PREESCOLAR,19.365411,-99.159275
PREESCOLAR,19.33677,-99.1093
PREESCOLAR,19.357071,-99.0577
SECUNDARIA,19.353258,-99.297869
SECUNDARIA,19.350704,-99.183568
PRIMARIA,19.315972,-99.104015
PREESCOLAR,19.43147,-99.119605
PRIMARIA,19.347786,-99.024679
PRIMARIA,19.414928,-99.1188
PRIMARIA,19.384046,-99.274103
PRIMARIA,19.216889,-98.972877
PRIMARIA,19.316542,-99.242096
PRIMARIA,19.445757,-99.096604
PRIMARIA,19.40643,-99.12581
PRIMARIA,19.366814,-99.174907
SECUNDARIA,19.397155,-99.067568
PRIMARIA,19.354667,-99.118975
SECUNDARIA,19.419844,-99.109384
SECUNDARIA,19.326698,-99.02608
PRIMARIA,19.498857,-99.084678
PREESCOLAR,19.278501,-99.006088
PREESCOLAR,19.410708,-99.162627
PRIMARIA,19.414724,-99.086043
PRIMARIA,19.44806,-99.172111
PRIMARIA,19.309748,-99.230372
PRIMARIA,19.341743,-99.022473
PRIMARIA,19.29607,-99.030406
PREESCOLAR,19.471129,-99.139568
PRIMARIA,19.50999,-99.12658
PRIMARIA,19.246357,-99.106429
PRIMARIA,19.421363,-99.07201
PRIMARIA,19.278479,-99.008857
PRIMARIA,19.344612,-99.152048
SECUNDARIA,19.395234,-99.140264
PRIMARIA,19.468008,-99.15674
PRIMARIA,19.345566,-99.036026
SECUNDARIA,19.447811,-99.219836
SECUNDARIA,19.519567,-99.149353
PRIMARIA,19.292122,-99.237005
PRIMARIA,19.328491,-99.080217
SECUNDARIA,19.405506,-99.130764
PRIMARIA,19.294576,-99.049034
SECUNDARIA,19.378599,-99.277408
PRIMARIA,19.286856,-99.226325
PRIMARIA,19.413283,-99.132287
PRIMARIA,19.342701,-98.999342
PRIMARIA,19.338156,-99.222235
PRIMARIA,19.398987,-99.161972
SECUNDARIA,19.358003,-99.049175
PRIMARIA,19.320492,-99.2225
PRIMARIA,19.372172,-99.2127
PRIMARIA,19.356983,-99.016045
PRIMARIA,19.502436,-99.092337
PRIMARIA,19.307079,-99.080359
PRIMARIA,19.268142,-99.132271
PRIMARIA,19.5134,-99.131973
PRIMARIA,19.371384,-99.218828
SECUNDARIA,19.317316,-99.227987
PRIMARIA,19.338001,-99.007243
PRIMARIA,19.408747,-99.127487
PRIMARIA,19.517651999999998,-99.128672
PREESCOLAR,19.411601,-99.156403
PRIMARIA,19.4073,-99.1908
PRIMARIA,19.334016,-99.023665
PRIMARIA,19.31211,-99.037642
PRIMARIA,19.492386,-99.142717
SECUNDARIA,19.497584,-99.198606
INICIAL,19.295409,-99.178285
INICIAL,19.259043,-99.120268
PRIMARIA,19.397815,-99.164428
PREESCOLAR,19.51191,-99.206701
INICIAL,19.331357,-99.171394
INICIAL,19.37883,-99.173513
PRIMARIA,19.360448,-99.297068
PRIMARIA,19.368675,-99.226253
SECUNDARIA,19.303215,-99.053322
PRIMARIA,19.513667,-99.130976
PRIMARIA,19.488832,-99.110461
SECUNDARIA,19.345345,-99.176706
PRIMARIA,19.3574,-99.2998
PRIMARIA,19.329808,-99.058361
PRIMARIA,19.267998,-99.00509
SECUNDARIA,19.396062,-99.050102999999993
PRIMARIA,19.315347,-99.07936
INICIAL,19.430717,-99.094705
PRIMARIA,19.400178,-99.068473
PRIMARIA,19.555959,-99.128606
PRIMARIA,19.250174,-99.010342
PRIMARIA,19.526418,-99.138809
INICIAL,19.395122,-99.166357
PRIMARIA,19.382265,-99.152989
SECUNDARIA,19.439721,-99.185459
SECUNDARIA,19.403625,-99.183035
PRIMARIA,19.309445,-99.115843
SECUNDARIA,19.359,-99.0926
PRIMARIA,19.310881,-99.073787
PRIMARIA,19.404131,-99.141693
SECUNDARIA,19.307392,-99.081396
PRIMARIA,19.345355,-99.176648
SECUNDARIA,19.489564,-99.12378
SECUNDARIA,19.359,-99.0926
PRIMARIA,19.358449,-99.241749
INICIAL,19.345341,-99.044427
PREESCOLAR,19.268785,-99.119579
PRIMARIA,19.365963,-99.197229
PRIMARIA,19.526418,-99.138809
INICIAL,19.330625,-99.327845
PRIMARIA,19.376059,-99.148606
SECUNDARIA,19.468519,-99.10991
PRIMARIA,19.513501,-99.141525
PRIMARIA,19.298586,-99.116974
PRIMARIA,19.326014,-99.224612
PRIMARIA,19.39509,-99.107832
PRIMARIA,19.347881,-99.028993
PRIMARIA,19.491523,-99.125036
PRIMARIA,19.367813,-99.128826
INICIAL,19.265372,-99.1012
PRIMARIA,19.195018,-99.002452
PRIMARIA,19.39303,-99.183808
PRIMARIA,19.4416,-99.1519
SECUNDARIA,19.334371,-99.272474
PREESCOLAR,19.395122,-99.166357
PRIMARIA,19.448766,-99.194312
PREESCOLAR,19.312222,-99.081968
PRIMARIA,19.487708,-99.151779
INICIAL,19.39505,-99.102781
SECUNDARIA,19.559942,-99.135921
INICIAL,19.479718,-99.200256
PRIMARIA,19.517746,-99.154417
SECUNDARIA,19.445676,-99.098176
SECUNDARIA,19.473338,-99.161177
PRIMARIA,19.359,-99.0926
PRIMARIA,19.421619,-99.071567
PRIMARIA,19.359,-99.0926
PREESCOLAR,19.338379,-99.144539
SECUNDARIA,19.350704,-99.183568
PREESCOLAR,19.32647,-99.135353
SECUNDARIA,19.368095,-99.204888
PRIMARIA,19.395113,-99.192959
PRIMARIA,19.345168,-99.312464
SECUNDARIA,19.488506,-99.11374
PRIMARIA,19.38561,-99.068226
PRIMARIA,19.338496,-99.301653
SECUNDARIA,19.481658,-99.120637
PRIMARIA,19.324626,-99.15922
SECUNDARIA,19.362363,-99.147552
PRIMARIA,19.287258,-99.06103
PRIMARIA,19.496679,-99.07965
PRIMARIA,19.3908,-99.1954
PRIMARIA,19.349307,-99.180639
PRIMARIA,19.325285,-99.113221
SECUNDARIA,19.355699,-99.29169
PRIMARIA,19.287728,-99.164917
SECUNDARIA,19.315724,-99.113432
SECUNDARIA,19.415785,-99.175176
PRIMARIA,19.295751,-99.062317
PREESCOLAR,19.50999,-99.12658
PRIMARIA,19.472323,-99.154135
SECUNDARIA,19.387177,-99.087438
PRIMARIA,19.357039,-99.25445
PRIMARIA,19.451971,-99.074815
PRIMARIA,19.479576,-99.066773
INICIAL,19.311478,-99.15339
SECUNDARIA,19.3049,-99.2415
SECUNDARIA,19.506722,-99.100227
INICIAL,19.364636,-99.078799
SECUNDARIA,19.452186,-99.139438
PRIMARIA,19.369493,-99.184253
SECUNDARIA,19.26616,-99.102436
PRIMARIA,19.330715,-99.073774
PRIMARIA,19.232914,-99.002254
INICIAL,19.462288,-99.18447
SECUNDARIA,19.280632,-99.1933
PRIMARIA,19.288945,-99.166186
PRIMARIA,19.420894,-99.10924
SECUNDARIA,19.297301,-99.15122
SECUNDARIA,19.428827,-99.150522
SECUNDARIA,19.266469,-99.175316
PRIMARIA,19.492716,-99.131547
PRIMARIA,19.343297,-99.132413
PRIMARIA,19.333463,-99.129274
PRIMARIA,19.412416,-99.06809
SECUNDARIA,19.478478,-99.184374
PRIMARIA,19.316927,-99.249041
PRIMARIA,19.339123,-99.280791
PREESCOLAR,19.413542,-99.146109
INICIAL,19.301344,-99.147841
PRIMARIA,19.359,-99.0926
PRIMARIA,19.394196,-99.070043
PRIMARIA,19.309378,-99.26499
PREESCOLAR,19.32392,-99.157676
PRIMARIA,19.367528,-99.120326
SECUNDARIA,19.359775,-99.265643
PRIMARIA,19.357049,-99.070125
PRIMARIA,19.340174,-99.194837
SECUNDARIA,19.310076,-99.109895
SECUNDARIA,19.366613,-99.159714
SECUNDARIA,19.330051,-98.976354
PRIMARIA,19.417982,-99.127516
PRIMARIA,19.303599,-99.176542
SECUNDARIA,19.370076,-99.278599
PREESCOLAR,19.31595,-99.249453
PRIMARIA,19.283178,-99.055305
PRIMARIA,19.38939,-99.150635
SECUNDARIA,19.471287,-99.076219
PRIMARIA,19.357347,-99.23228
INICIAL,19.422106,-99.202108
PRIMARIA,19.322626,-99.09918
SECUNDARIA,19.4656,-99.107924
PREESCOLAR,19.2635,-99.1049
PREESCOLAR,19.391206,-99.094728
PRIMARIA,19.31805,-99.157078
PRIMARIA,19.378613,-99.018741
SECUNDARIA,19.358309,-99.0072
PREESCOLAR,19.4416,-99.1519
SECUNDARIA,19.33635,-99.12271
PRIMARIA,19.242684,-99.073463
PREESCOLAR,19.213357,-99.182703
SECUNDARIA,19.427199,-99.131857
PREESCOLAR,19.441327,-99.169465
PRIMARIA,19.400743,-99.130503
PRIMARIA,19.321078,-99.062443
SECUNDARIA,19.332428,-99.286781
PREESCOLAR,19.267441,-99.010154
SECUNDARIA,19.3574,-99.2998
PRIMARIA,19.391754,-99.073113
PRIMARIA,19.423079,-99.119301
SECUNDARIA,19.322548,-99.061798
INICIAL,19.3546,-99.07457
INICIAL,19.3908,-99.1954
PRIMARIA,19.245394,-99.020876
SECUNDARIA,19.331459,-99.054267
PRIMARIA,19.426384,-99.131574
PRIMARIA,19.324335,-99.16851
PRIMARIA,19.427751,-99.129612
PRIMARIA,19.322337,-99.249109
SECUNDARIA,19.293887,-99.04732
PRIMARIA,19.445383,-99.113555
PRIMARIA,19.3574,-99.2998
INICIAL,19.363275,-99.153159
PRIMARIA,19.3574,-99.2998
INICIAL,19.207235,-99.120199
SECUNDARIA,19.496741,-99.095481
PREESCOLAR,19.395294,-99.075576
PRIMARIA,19.255474,-99.010626
PRIMARIA,19.351935,-99.300758
SECUNDARIA,19.254722,-99.006575
PRIMARIA,19.4193,-99.1137
INICIAL,19.442132,-99.17781
PRIMARIA,19.390081,-99.121545
PRIMARIA,19.377965,-99.185858
PRIMARIA,19.37267,-99.276928
SECUNDARIA,19.33,-99.29
PREESCOLAR,19.486379,-99.112938
INICIAL,19.399384,-99.134158
PRIMARIA,19.435214,-99.165762
SECUNDARIA,19.452899,-99.132331
PRIMARIA,19.412107,-99.190023
PRIMARIA,19.491901,-99.123647
PRIMARIA,19.406685,-99.196065
SECUNDARIA,19.337678,-99.134761
PRIMARIA,19.295961,-99.16567
SECUNDARIA,19.463232,-99.16557
PRIMARIA,19.431175,-99.220543
PRIMARIA,19.34066,-98.986864
PRIMARIA,19.36856,-99.233307
PRIMARIA,19.44267,-99.122701
SECUNDARIA,19.445106,-99.161568
SECUNDARIA,19.186228,-99.088795
PRIMARIA,19.419547,-99.116455
PRIMARIA,19.358614,-99.093829
PRIMARIA,19.446576,-99.114586
SECUNDARIA,19.444999,-99.178061
PRIMARIA,19.400562999999998,-99.102708
PRIMARIA,19.295155,-99.139539
SECUNDARIA,19.425498,-99.066498
SECUNDARIA,19.370077,-99.007013
SECUNDARIA,19.352831,-99.037565
PRIMARIA,19.324626,-99.15922
SECUNDARIA,19.422367,-99.057802
SECUNDARIA,19.356963,-99.082914
PRIMARIA,19.418046,-99.176987
PRIMARIA,19.315715,-99.249664
SECUNDARIA,19.3908,-99.1954
PRIMARIA,19.411224,-99.188378
INICIAL,19.288318,-99.173786
INICIAL,19.32647,-99.135353
SECUNDARIA,19.327849,-99.101434
PRIMARIA,19.27754,-99.124911
PRIMARIA,19.504531,-99.096352
SECUNDARIA,19.386233,-99.119414
PRIMARIA,19.392266,-99.195399
PRIMARIA,19.481396,-99.2048
PRIMARIA,19.439127,-99.111545
PRIMARIA,19.365073,-99.238616
PRIMARIA,19.52684,-99.166685
PRIMARIA,19.327284,-99.284369
PRIMARIA,19.304267,-99.144245
PRIMARIA,19.294439,-99.057965
PRIMARIA,19.297298,-99.036406
PRIMARIA,19.44613,-99.17993
PRIMARIA,19.347277,-99.111968
PREESCOLAR,19.467648,-99.163206
PREESCOLAR,19.398975,-99.146604
PREESCOLAR,19.501194,-99.131018
PRIMARIA,19.439294,-99.159436
PRIMARIA,19.363989,-99.167423
PREESCOLAR,19.300526,-99.046525
PRIMARIA,19.296223,-99.070435
INICIAL,19.177007,-99.030046
PRIMARIA,19.332937,-99.084552
PRIMARIA,19.370513,-99.141161
SECUNDARIA,19.241854,-98.996435
PRIMARIA,19.360062,-99.229771
PRIMARIA,19.360483,-99.050659
SECUNDARIA,19.300272,-99.120125
SECUNDARIA,19.3908,-99.1954
PREESCOLAR,19.372,-99.1579
INICIAL,19.433996,-99.170244
PRIMARIA,19.28194,-99.203033
PREESCOLAR,19.422978,-99.151045
PRIMARIA,19.439107,-99.107805
PRIMARIA,19.42517,-99.096297
PRIMARIA,19.544406,-99.137697
